{"hor_gain_polynomial": [11.888895056968767, -45.91097679687245], "ver_gain_polynomial": [11.970237816808977, -46.32802765032731]}